[
  {
    "model": "tagstore_django.entity",
    "pk": 1,
    "fields": {
      "entity_type": "xblock",
      "external_id": "block-v1:OpenCraft+B+1+type@drag-and-drop-v2+block@971aadaaaa5a4886b37fee3ced711b30",
      "tags": [
        65,
        146,
        145,
        147,
        148,
        150,
        152,
        153
      ]
    }
  },
  {
    "model": "tagstore_django.entity",
    "pk": 11,
    "fields": {
      "entity_type": "pathway",
      "external_id": "cb292b23-f56f-468b-a3ad-3256425a5fee",
      "tags": [
        65,
        146,
        145,
        147,
        148,
        150,
        152,
        153
      ]
    }
  },
  {
    "model": "tagstore_django.entity",
    "pk": 12,
    "fields": {
      "entity_type": "image",
      "external_id": "block-v1:edX+DemoX+Demo_Course+type@vertical+block@867dddb6f55d410caaa9c1eb9c6743ec",
      "tags": [
        65,
        146,
        145,
        147,
        148,
        150,
        152,
        153
      ]
    }
  },
  {
    "model": "tagstore_django.taxonomy",
    "pk": 1,
    "fields": {
      "name": "Subject Area",
      "owner": null
    }
  },
  {
    "model": "tagstore_django.taxonomy",
    "pk": 50,
    "fields": {
      "name": "Depth of Knowledge",
      "owner": null
    }
  },
  {
    "model": "tagstore_django.taxonomy",
    "pk": 54,
    "fields": {
      "name": "temporary",
      "owner": null
    }
  },
  {
    "model": "tagstore_django.tag",
    "pk": 35,
    "fields": {
      "taxonomy": 1,
      "name": "Physical sciences",
      "path": "1:Physical sciences:"
    }
  },
  {
    "model": "tagstore_django.tag",
    "pk": 36,
    "fields": {
      "taxonomy": 1,
      "name": "Earth and environmental sciences",
      "path": "1:Earth and environmental sciences:"
    }
  },
  {
    "model": "tagstore_django.tag",
    "pk": 37,
    "fields": {
      "taxonomy": 1,
      "name": "Biological sciences",
      "path": "1:Biological sciences:"
    }
  },
  {
    "model": "tagstore_django.tag",
    "pk": 38,
    "fields": {
      "taxonomy": 1,
      "name": "Health sciences",
      "path": "1:Health sciences:"
    }
  },
  {
    "model": "tagstore_django.tag",
    "pk": 39,
    "fields": {
      "taxonomy": 1,
      "name": "Scientific community and society",
      "path": "1:Scientific community and society:"
    }
  },
  {
    "model": "tagstore_django.tag",
    "pk": 40,
    "fields": {
      "taxonomy": 1,
      "name": "Chemistry",
      "path": "1:Physical sciences:Chemistry:"
    }
  },
  {
    "model": "tagstore_django.tag",
    "pk": 41,
    "fields": {
      "taxonomy": 1,
      "name": "Materials science",
      "path": "1:Physical sciences:Materials science:"
    }
  },
  {
    "model": "tagstore_django.tag",
    "pk": 42,
    "fields": {
      "taxonomy": 1,
      "name": "Physics",
      "path": "1:Physical sciences:Physics:"
    }
  },
  {
    "model": "tagstore_django.tag",
    "pk": 43,
    "fields": {
      "taxonomy": 1,
      "name": "Nanoscience and technology",
      "path": "1:Physical sciences:Nanoscience and technology:"
    }
  },
  {
    "model": "tagstore_django.tag",
    "pk": 44,
    "fields": {
      "taxonomy": 1,
      "name": "Optics and photonics",
      "path": "1:Physical sciences:Optics and photonics:"
    }
  },
  {
    "model": "tagstore_django.tag",
    "pk": 45,
    "fields": {
      "taxonomy": 1,
      "name": "Astronomy and planetary science",
      "path": "1:Physical sciences:Astronomy and planetary science:"
    }
  },
  {
    "model": "tagstore_django.tag",
    "pk": 46,
    "fields": {
      "taxonomy": 1,
      "name": "Energy science and technology",
      "path": "1:Physical sciences:Energy science and technology:"
    }
  },
  {
    "model": "tagstore_django.tag",
    "pk": 47,
    "fields": {
      "taxonomy": 1,
      "name": "Engineering",
      "path": "1:Physical sciences:Engineering:"
    }
  },
  {
    "model": "tagstore_django.tag",
    "pk": 48,
    "fields": {
      "taxonomy": 1,
      "name": "Mathematics and computing",
      "path": "1:Physical sciences:Mathematics and computing:"
    }
  },
  {
    "model": "tagstore_django.tag",
    "pk": 52,
    "fields": {
      "taxonomy": 1,
      "name": "Ecology",
      "path": "1:Earth and environmental sciences:Ecology:"
    }
  },
  {
    "model": "tagstore_django.tag",
    "pk": 53,
    "fields": {
      "taxonomy": 1,
      "name": "Climate sciences",
      "path": "1:Earth and environmental sciences:Climate sciences:"
    }
  },
  {
    "model": "tagstore_django.tag",
    "pk": 54,
    "fields": {
      "taxonomy": 1,
      "name": "Planetary science",
      "path": "1:Earth and environmental sciences:Planetary science:"
    }
  },
  {
    "model": "tagstore_django.tag",
    "pk": 55,
    "fields": {
      "taxonomy": 1,
      "name": "Solid Earth sciences",
      "path": "1:Earth and environmental sciences:Solid Earth sciences:"
    }
  },
  {
    "model": "tagstore_django.tag",
    "pk": 56,
    "fields": {
      "taxonomy": 1,
      "name": "Environmental sciences",
      "path": "1:Earth and environmental sciences:Environmental sciences:"
    }
  },
  {
    "model": "tagstore_django.tag",
    "pk": 57,
    "fields": {
      "taxonomy": 1,
      "name": "Biogeochemistry",
      "path": "1:Earth and environmental sciences:Biogeochemistry:"
    }
  },
  {
    "model": "tagstore_django.tag",
    "pk": 58,
    "fields": {
      "taxonomy": 1,
      "name": "Ocean sciences",
      "path": "1:Earth and environmental sciences:Ocean sciences:"
    }
  },
  {
    "model": "tagstore_django.tag",
    "pk": 59,
    "fields": {
      "taxonomy": 1,
      "name": "Environmental social sciences",
      "path": "1:Earth and environmental sciences:Environmental social sciences:"
    }
  },
  {
    "model": "tagstore_django.tag",
    "pk": 60,
    "fields": {
      "taxonomy": 1,
      "name": "Hydrology",
      "path": "1:Earth and environmental sciences:Hydrology:"
    }
  },
  {
    "model": "tagstore_django.tag",
    "pk": 61,
    "fields": {
      "taxonomy": 1,
      "name": "Natural hazards",
      "path": "1:Earth and environmental sciences:Natural hazards:"
    }
  },
  {
    "model": "tagstore_django.tag",
    "pk": 62,
    "fields": {
      "taxonomy": 1,
      "name": "Space physics",
      "path": "1:Earth and environmental sciences:Space physics:"
    }
  },
  {
    "model": "tagstore_django.tag",
    "pk": 63,
    "fields": {
      "taxonomy": 1,
      "name": "Limnology",
      "path": "1:Earth and environmental sciences:Limnology:"
    }
  },
  {
    "model": "tagstore_django.tag",
    "pk": 64,
    "fields": {
      "taxonomy": 1,
      "name": "Biological techniques",
      "path": "1:Biological sciences:Biological techniques:"
    }
  },
  {
    "model": "tagstore_django.tag",
    "pk": 65,
    "fields": {
      "taxonomy": 1,
      "name": "Cell biology",
      "path": "1:Biological sciences:Cell biology:"
    }
  },
  {
    "model": "tagstore_django.tag",
    "pk": 152,
    "fields": {
      "taxonomy": 1,
      "name": "PCR",
      "path": "1:Biological sciences:PCR:"
    }
  },
  {
    "model": "tagstore_django.tag",
    "pk": 153,
    "fields": {
      "taxonomy": 1,
      "name": "immunology",
      "path": "1:Biological sciences:immunology:"
    }
  },
  {
    "model": "tagstore_django.tag",
    "pk": 66,
    "fields": {
      "taxonomy": 1,
      "name": "Biochemistry",
      "path": "1:Biological sciences:Biochemistry:"
    }
  },
  {
    "model": "tagstore_django.tag",
    "pk": 67,
    "fields": {
      "taxonomy": 1,
      "name": "Chemical biology",
      "path": "1:Biological sciences:Chemical biology:"
    }
  },
  {
    "model": "tagstore_django.tag",
    "pk": 68,
    "fields": {
      "taxonomy": 1,
      "name": "Molecular biology",
      "path": "1:Biological sciences:Molecular biology:"
    }
  },
  {
    "model": "tagstore_django.tag",
    "pk": 69,
    "fields": {
      "taxonomy": 1,
      "name": "Biotechnology",
      "path": "1:Biological sciences:Biotechnology:"
    }
  },
  {
    "model": "tagstore_django.tag",
    "pk": 70,
    "fields": {
      "taxonomy": 1,
      "name": "Genetics",
      "path": "1:Biological sciences:Genetics:"
    }
  },
  {
    "model": "tagstore_django.tag",
    "pk": 71,
    "fields": {
      "taxonomy": 1,
      "name": "Neuroscience",
      "path": "1:Biological sciences:Neuroscience:"
    }
  },
  {
    "model": "tagstore_django.tag",
    "pk": 73,
    "fields": {
      "taxonomy": 1,
      "name": "Microbiology",
      "path": "1:Biological sciences:Microbiology:"
    }
  },
  {
    "model": "tagstore_django.tag",
    "pk": 74,
    "fields": {
      "taxonomy": 1,
      "name": "Cancer",
      "path": "1:Biological sciences:Cancer:"
    }
  },
  {
    "model": "tagstore_django.tag",
    "pk": 75,
    "fields": {
      "taxonomy": 1,
      "name": "Developmental biology",
      "path": "1:Biological sciences:Developmental biology:"
    }
  },
  {
    "model": "tagstore_django.tag",
    "pk": 76,
    "fields": {
      "taxonomy": 1,
      "name": "Biophysics",
      "path": "1:Biological sciences:Biophysics:"
    }
  },
  {
    "model": "tagstore_django.tag",
    "pk": 77,
    "fields": {
      "taxonomy": 1,
      "name": "Physiology",
      "path": "1:Biological sciences:Physiology:"
    }
  },
  {
    "model": "tagstore_django.tag",
    "pk": 78,
    "fields": {
      "taxonomy": 1,
      "name": "Structural biology",
      "path": "1:Biological sciences:Structural biology:"
    }
  },
  {
    "model": "tagstore_django.tag",
    "pk": 79,
    "fields": {
      "taxonomy": 1,
      "name": "Evolution",
      "path": "1:Biological sciences:Evolution:"
    }
  },
  {
    "model": "tagstore_django.tag",
    "pk": 80,
    "fields": {
      "taxonomy": 1,
      "name": "Computational biology and bioinformatics",
      "path": "1:Biological sciences:Computational biology and bioinformatics:"
    }
  },
  {
    "model": "tagstore_django.tag",
    "pk": 81,
    "fields": {
      "taxonomy": 1,
      "name": "Systems biology",
      "path": "1:Biological sciences:Systems biology:"
    }
  },
  {
    "model": "tagstore_django.tag",
    "pk": 82,
    "fields": {
      "taxonomy": 1,
      "name": "Drug discovery",
      "path": "1:Biological sciences:Drug discovery:"
    }
  },
  {
    "model": "tagstore_django.tag",
    "pk": 83,
    "fields": {
      "taxonomy": 1,
      "name": "Plant sciences",
      "path": "1:Biological sciences:Plant sciences:"
    }
  },
  {
    "model": "tagstore_django.tag",
    "pk": 84,
    "fields": {
      "taxonomy": 1,
      "name": "Stem cells",
      "path": "1:Biological sciences:Stem cells:"
    }
  },
  {
    "model": "tagstore_django.tag",
    "pk": 85,
    "fields": {
      "taxonomy": 1,
      "name": "Zoology",
      "path": "1:Biological sciences:Zoology:"
    }
  },
  {
    "model": "tagstore_django.tag",
    "pk": 86,
    "fields": {
      "taxonomy": 1,
      "name": "Psychology",
      "path": "1:Biological sciences:Psychology:"
    }
  },
  {
    "model": "tagstore_django.tag",
    "pk": 87,
    "fields": {
      "taxonomy": 1,
      "name": "Diseases",
      "path": "1:Health sciences:Diseases:"
    }
  },
  {
    "model": "tagstore_django.tag",
    "pk": 88,
    "fields": {
      "taxonomy": 1,
      "name": "Oncology",
      "path": "1:Health sciences:Oncology:"
    }
  },
  {
    "model": "tagstore_django.tag",
    "pk": 89,
    "fields": {
      "taxonomy": 1,
      "name": "Pathogenesis",
      "path": "1:Health sciences:Pathogenesis:"
    }
  },
  {
    "model": "tagstore_django.tag",
    "pk": 90,
    "fields": {
      "taxonomy": 1,
      "name": "Anatomy",
      "path": "1:Health sciences:Anatomy:"
    }
  },
  {
    "model": "tagstore_django.tag",
    "pk": 91,
    "fields": {
      "taxonomy": 1,
      "name": "Medical research",
      "path": "1:Health sciences:Medical research:"
    }
  },
  {
    "model": "tagstore_django.tag",
    "pk": 92,
    "fields": {
      "taxonomy": 1,
      "name": "Health care",
      "path": "1:Health sciences:Health care:"
    }
  },
  {
    "model": "tagstore_django.tag",
    "pk": 93,
    "fields": {
      "taxonomy": 1,
      "name": "Neurology",
      "path": "1:Health sciences:Neurology:"
    }
  },
  {
    "model": "tagstore_django.tag",
    "pk": 94,
    "fields": {
      "taxonomy": 1,
      "name": "Gastroenterology",
      "path": "1:Health sciences:Gastroenterology:"
    }
  },
  {
    "model": "tagstore_django.tag",
    "pk": 95,
    "fields": {
      "taxonomy": 1,
      "name": "Cardiology",
      "path": "1:Health sciences:Cardiology:"
    }
  },
  {
    "model": "tagstore_django.tag",
    "pk": 96,
    "fields": {
      "taxonomy": 1,
      "name": "Endocrinology",
      "path": "1:Health sciences:Endocrinology:"
    }
  },
  {
    "model": "tagstore_django.tag",
    "pk": 97,
    "fields": {
      "taxonomy": 1,
      "name": "Rheumatology",
      "path": "1:Health sciences:Rheumatology:"
    }
  },
  {
    "model": "tagstore_django.tag",
    "pk": 98,
    "fields": {
      "taxonomy": 1,
      "name": "Urology",
      "path": "1:Health sciences:Urology:"
    }
  },
  {
    "model": "tagstore_django.tag",
    "pk": 99,
    "fields": {
      "taxonomy": 1,
      "name": "Nephrology",
      "path": "1:Health sciences:Nephrology:"
    }
  },
  {
    "model": "tagstore_django.tag",
    "pk": 100,
    "fields": {
      "taxonomy": 1,
      "name": "Biomarkers",
      "path": "1:Health sciences:Biomarkers:"
    }
  },
  {
    "model": "tagstore_django.tag",
    "pk": 101,
    "fields": {
      "taxonomy": 1,
      "name": "Signs and symptoms",
      "path": "1:Health sciences:Signs and symptoms:"
    }
  },
  {
    "model": "tagstore_django.tag",
    "pk": 102,
    "fields": {
      "taxonomy": 1,
      "name": "Molecular medicine",
      "path": "1:Health sciences:Molecular medicine:"
    }
  },
  {
    "model": "tagstore_django.tag",
    "pk": 103,
    "fields": {
      "taxonomy": 1,
      "name": "Risk factors",
      "path": "1:Health sciences:Risk factors:"
    }
  },
  {
    "model": "tagstore_django.tag",
    "pk": 104,
    "fields": {
      "taxonomy": 1,
      "name": "Social sciences",
      "path": "1:Scientific community and society:Social sciences:"
    }
  },
  {
    "model": "tagstore_django.tag",
    "pk": 105,
    "fields": {
      "taxonomy": 1,
      "name": "Business and industry",
      "path": "1:Scientific community and society:Business and industry:"
    }
  },
  {
    "model": "tagstore_django.tag",
    "pk": 106,
    "fields": {
      "taxonomy": 1,
      "name": "Scientific community",
      "path": "1:Scientific community and society:Scientific community:"
    }
  },
  {
    "model": "tagstore_django.tag",
    "pk": 107,
    "fields": {
      "taxonomy": 1,
      "name": "Agriculture",
      "path": "1:Scientific community and society:Agriculture:"
    }
  },
  {
    "model": "tagstore_django.tag",
    "pk": 108,
    "fields": {
      "taxonomy": 1,
      "name": "Energy and society",
      "path": "1:Scientific community and society:Energy and society:"
    }
  },
  {
    "model": "tagstore_django.tag",
    "pk": 109,
    "fields": {
      "taxonomy": 1,
      "name": "Forestry",
      "path": "1:Scientific community and society:Forestry:"
    }
  },
  {
    "model": "tagstore_django.tag",
    "pk": 110,
    "fields": {
      "taxonomy": 1,
      "name": "Water resources",
      "path": "1:Scientific community and society:Water resources:"
    }
  },
  {
    "model": "tagstore_django.tag",
    "pk": 111,
    "fields": {
      "taxonomy": 1,
      "name": "Developing world",
      "path": "1:Scientific community and society:Developing world:"
    }
  },
  {
    "model": "tagstore_django.tag",
    "pk": 112,
    "fields": {
      "taxonomy": 1,
      "name": "Geography",
      "path": "1:Scientific community and society:Geography:"
    }
  },
  {
    "model": "tagstore_django.tag",
    "pk": 145,
    "fields": {
      "taxonomy": 54,
      "name": "language-en",
      "path": "language-en:"
    }
  },
  {
    "model": "tagstore_django.tag",
    "pk": 146,
    "fields": {
      "taxonomy": 54,
      "name": "subtitle-en",
      "path": "subtitle-en:"
    }
  },
  {
    "model": "tagstore_django.tag",
    "pk": 147,
    "fields": {
      "taxonomy": 54,
      "name": "subtitle-zh",
      "path": "subtitle-zh:"
    }
  },
  {
    "model": "tagstore_django.tag",
    "pk": 148,
    "fields": {
      "taxonomy": 50,
      "name": "0",
      "path": "0:"
    }
  },
  {
    "model": "tagstore_django.tag",
    "pk": 150,
    "fields": {
      "taxonomy": 54,
      "name": "license-CC-BY-SA-4.0 Remix and Share",
      "path": "license-CC-BY-SA-4.0 Remix and Share:"
    }
  }
]
