[
   {
      "model":"core.user",
      "pk":1,
      "fields":{
         "password":"pbkdf2_sha256$36000$KhOS1odeN1rv$+zv5pbQAQ1MwW772HWBuWL6P4mCBIwChYtbNo8YL1Cs=",
         "last_login":"2018-05-17T12:50:28.012Z",
         "is_superuser":true,
         "username":"superuser",
         "first_name":"Super",
         "last_name":"User",
         "email":"jill@opencraft.com",
         "is_staff":true,
         "is_active":true,
         "date_joined":"2018-05-11T07:07:27Z",
         "full_name":"Super User",
         "groups":[

         ],
         "user_permissions":[

         ]
      }
   },
   {
      "model":"core.user",
      "pk":2,
      "fields":{
         "password":"pbkdf2_sha256$36000$w8jI5Bh78s8f$lu5Nbz4UILfRdFmCjuiJFLHEd+VfM//faJdsG/grgw4=",
         "last_login":null,
         "is_superuser":false,
         "username":"mary",
         "first_name":"Mary",
         "last_name":"Liu",
         "email":"maryliu@example.com",
         "is_staff":false,
         "is_active":true,
         "date_joined":"2018-05-11T07:12:21Z",
         "full_name":"Mary Liu",
         "groups":[

         ],
         "user_permissions":[

         ]
      }
   },
   {
      "model":"core.user",
      "pk":3,
      "fields":{
         "password":"pbkdf2_sha256$36000$UvFq6ud2cUWk$WO/lr2dFbO35H7HgiXDSL8Mwphl+sFVg8DPR60knqIs=",
         "last_login":null,
         "is_superuser":false,
         "username":"joe",
         "first_name":"Joe",
         "last_name":"Santiago",
         "email":"joesantiago@example.com",
         "is_staff":false,
         "is_active":true,
         "date_joined":"2018-05-11T07:13:26Z",
         "full_name":"Joe Santiago",
         "groups":[

         ],
         "user_permissions":[

         ]
      }
   },
   {
      "model":"core.user",
      "pk":4,
      "fields":{
         "password":"pbkdf2_sha256$36000$ghzGPPAxElmq$xkWzrWnC/ld7waFkWLlIuC1OElGML/rrrNMfAvJHhwU=",
         "last_login":null,
         "is_superuser":false,
         "username":"milos_foreman",
         "first_name":"Milos",
         "last_name":"Foreman",
         "email":"milos@example.com",
         "is_staff":false,
         "is_active":true,
         "date_joined":"2018-05-18T05:29:17Z",
         "full_name":"Milos Foreman",
         "groups":[

         ],
         "user_permissions":[

         ]
      }
   },
   {
      "model":"core.tag",
      "pk":"1b7497f1-5282-400f-95b4-ecbcf75c8609",
      "fields":{
         "name":"Colony PCR"
      }
   },
   {
      "model":"core.tag",
      "pk":"1fbde5aa-3771-4258-9fdd-627017864e0f",
      "fields":{
         "name":"PCR"
      }
   },
   {
      "model":"core.tag",
      "pk":"2a1fac74-a7f0-45cb-adcc-ccea5dd62e5f",
      "fields":{
         "name":"ABE"
      }
   },
   {
      "model":"core.tag",
      "pk":"2b957099-4559-4483-b504-de7e82fe5ee8",
      "fields":{
         "name":"Primers"
      }
   },
   {
      "model":"core.tag",
      "pk":"3d561b12-27ed-473e-af68-fa6e9873d6dc",
      "fields":{
         "name":"Tools"
      }
   },
   {
      "model":"core.tag",
      "pk":"5aafeacb-d542-4547-8120-8300fb611754",
      "fields":{
         "name":"Assessment"
      }
   },
   {
      "model":"core.tag",
      "pk":"79704161-016a-4e37-bc87-8600e77a624f",
      "fields":{
         "name":"Genetic engineering"
      }
   },
   {
      "model":"core.tag",
      "pk":"92acad5a-31cb-4908-8312-4f5f4d8f9513",
      "fields":{
         "name":"Video"
      }
   },
   {
      "model":"core.tag",
      "pk":"988ea6ce-2521-4d07-a6c1-c3826522cb94",
      "fields":{
         "name":"Laboratory basics"
      }
   },
   {
      "model":"core.tag",
      "pk":"b9c2743e-4d2e-42e2-8fa1-515009402e8b",
      "fields":{
         "name":"Drug discovery"
      }
   },
   {
      "model":"core.tag",
      "pk":"c776bfcb-6344-4f5b-a529-63f7cada7816",
      "fields":{
         "name":"Case study"
      }
   },
   {
      "model":"core.tag",
      "pk":"da2496ce-9511-4767-9680-10ad5870127e",
      "fields":{
         "name":"Microbiology"
      }
   },
   {
      "model":"core.tag",
      "pk":"dccefb18-ed06-459b-a3ef-c008be3f6b6d",
      "fields":{
         "name":"Taq polymerase"
      }
   },
   {
      "model":"core.unit",
      "pk":"22beb593-b679-4777-bcb6-31b281cbd15f",
      "fields":{
         "title":"Intro to PCR",
         "summary":"What you'll Learn\r\n==============\r\n\r\nPCR is an important technique that allows researchers to create many copies of a specific region of DNA.  This pathway provides content that will aid the understanding of this process.",
         "author":2,
         "tags":[
            "988ea6ce-2521-4d07-a6c1-c3826522cb94",
            "1fbde5aa-3771-4258-9fdd-627017864e0f"
         ]
      }
   },
   {
      "model":"core.unit",
      "pk":"2e3c243b-ba12-4bbf-b2af-221516190077",
      "fields":{
         "title":"A Brief History of Biotechnology",
         "summary":"Pathway starting unit",
         "author":4,
         "tags":[
            "da2496ce-9511-4767-9680-10ad5870127e"
         ]
      }
   },
   {
      "model":"core.unit",
      "pk":"4c4d88fa-8edd-4dbd-aabd-c344f77ab1dd",
      "fields":{
         "title":"Engineering a Theraputic Protein to Treat Diabetes",
         "summary":"Explore the role of PCR in engineering of theraputic proteins including insulin.",
         "author":2,
         "tags":[
            "c776bfcb-6344-4f5b-a529-63f7cada7816",
            "79704161-016a-4e37-bc87-8600e77a624f",
            "da2496ce-9511-4767-9680-10ad5870127e",
            "1fbde5aa-3771-4258-9fdd-627017864e0f",
            "2b957099-4559-4483-b504-de7e82fe5ee8"
         ]
      }
   },
   {
      "model":"core.unit",
      "pk":"5b15c7d0-ffbb-4eb1-8191-7dd59a9eba95",
      "fields":{
         "title":"Three Steps of PCR",
         "summary":"Simulation",
         "author":4,
         "tags":[
            "2a1fac74-a7f0-45cb-adcc-ccea5dd62e5f",
            "1b7497f1-5282-400f-95b4-ecbcf75c8609",
            "988ea6ce-2521-4d07-a6c1-c3826522cb94",
            "da2496ce-9511-4767-9680-10ad5870127e",
            "1fbde5aa-3771-4258-9fdd-627017864e0f"
         ]
      }
   },
   {
      "model":"core.unit",
      "pk":"79a6be66-6e38-4ec9-af4c-ecf8f3a09f88",
      "fields":{
         "title":"Separating DNA with Gel Electrophoresis",
         "summary":"Simulation",
         "author":4,
         "tags":[
            "988ea6ce-2521-4d07-a6c1-c3826522cb94",
            "da2496ce-9511-4767-9680-10ad5870127e",
            "3d561b12-27ed-473e-af68-fa6e9873d6dc"
         ]
      }
   },
   {
      "model":"core.unit",
      "pk":"8973edd7-1f9f-4631-a469-6ef87b127f69",
      "fields":{
         "title":"Restriction Enzymes and Recombinant DNA",
         "summary":"Simulation",
         "author":4,
         "tags":[
            "2a1fac74-a7f0-45cb-adcc-ccea5dd62e5f",
            "1b7497f1-5282-400f-95b4-ecbcf75c8609"
         ]
      }
   },
   {
      "model":"core.unit",
      "pk":"8faa83cd-e490-451f-9e1b-0a6904b14cba",
      "fields":{
         "title":"The Importance of Plasmids",
         "summary":"Video",
         "author":4,
         "tags":[
            "2a1fac74-a7f0-45cb-adcc-ccea5dd62e5f",
            "1b7497f1-5282-400f-95b4-ecbcf75c8609",
            "92acad5a-31cb-4908-8312-4f5f4d8f9513"
         ]
      }
   },
   {
      "model":"core.unit",
      "pk":"92d51918-5b3b-4df5-b4da-745bb5a6e673",
      "fields":{
         "title":"How to use a Micropipette",
         "summary":"Micropipettes are used to accurately transfer small volumes and their proper use is critical to successful biotechnology research.",
         "author":2,
         "tags":[
            "988ea6ce-2521-4d07-a6c1-c3826522cb94",
            "da2496ce-9511-4767-9680-10ad5870127e",
            "3d561b12-27ed-473e-af68-fa6e9873d6dc",
            "92acad5a-31cb-4908-8312-4f5f4d8f9513"
         ]
      }
   },
   {
      "model":"core.unit",
      "pk":"bd42e4cc-39c1-4b64-97e7-052fcfa17e15",
      "fields":{
         "title":"Genetically Engineering Insulin",
         "summary":"Video",
         "author":4,
         "tags":[
            "b9c2743e-4d2e-42e2-8fa1-515009402e8b",
            "79704161-016a-4e37-bc87-8600e77a624f",
            "92acad5a-31cb-4908-8312-4f5f4d8f9513"
         ]
      }
   },
   {
      "model":"core.unit",
      "pk":"bf666d67-6171-420a-a247-127324e06e38",
      "fields":{
         "title":"Mapping Genetic Diseases",
         "summary":"Case Study",
         "author":4,
         "tags":[
            "c776bfcb-6344-4f5b-a529-63f7cada7816",
            "79704161-016a-4e37-bc87-8600e77a624f"
         ]
      }
   },
   {
      "model":"core.unit",
      "pk":"c6283b14-56db-468c-a548-8c9a36165fef",
      "fields":{
         "title":"Lab Safety Precautions",
         "summary":"Video",
         "author":4,
         "tags":[
            "988ea6ce-2521-4d07-a6c1-c3826522cb94",
            "92acad5a-31cb-4908-8312-4f5f4d8f9513"
         ]
      }
   },
   {
      "model":"core.unit",
      "pk":"c7086603-f5c7-4361-8f8c-0551962811c3",
      "fields":{
         "title":"Orphan Unit",
         "summary":"Unit not in any pathway",
         "author":4,
         "tags":[
            "3d561b12-27ed-473e-af68-fa6e9873d6dc"
         ]
      }
   },
   {
      "model":"core.unit",
      "pk":"e71b3fcf-ba68-4bd0-b6c1-a5697d555348",
      "fields":{
         "title":"Explain the Role of Primers",
         "summary":"Using knowledge gained about PCR, you will answer a series of questions related to PCR, primer function, and design.",
         "author":3,
         "tags":[
            "5aafeacb-d542-4547-8120-8300fb611754",
            "79704161-016a-4e37-bc87-8600e77a624f",
            "da2496ce-9511-4767-9680-10ad5870127e",
            "1fbde5aa-3771-4258-9fdd-627017864e0f",
            "2b957099-4559-4483-b504-de7e82fe5ee8",
            "dccefb18-ed06-459b-a3ef-c008be3f6b6d"
         ]
      }
   },
   {
      "model":"core.unit",
      "pk":"f00e38dc-888a-4266-a305-961abfac5c7a",
      "fields":{
         "title":"Laboratory basics",
         "summary":"Basic laboratory education units.",
         "author":2,
         "tags":[
            "988ea6ce-2521-4d07-a6c1-c3826522cb94",
            "3d561b12-27ed-473e-af68-fa6e9873d6dc"
         ]
      }
   },
   {
      "model":"core.unit",
      "pk":"f7cc9b67-0b94-4b9f-8d38-af2671920dc0",
      "fields":{
         "title":"DNA Sequencing",
         "summary":"Pathway start node",
         "author":4,
         "tags":[
            "2a1fac74-a7f0-45cb-adcc-ccea5dd62e5f",
            "1b7497f1-5282-400f-95b4-ecbcf75c8609"
         ]
      }
   },
   {
      "model":"core.pathway",
      "pk":"0cdf20a2-1ca3-4d12-88cd-c484cb58dd21",
      "fields":{
         "author":4
      }
   },
   {
      "model":"core.pathway",
      "pk":"3130c36b-437e-415c-878a-71549ef1f0ce",
      "fields":{
         "author":2
      }
   },
   {
      "model":"core.pathway",
      "pk":"4466fced-1ee4-4a4e-bb0c-23fba62ad444",
      "fields":{
         "author":4
      }
   },
   {
      "model":"core.pathway",
      "pk":"9311a5c8-ea90-4c94-8ba5-d42254e563c8",
      "fields":{
         "author":4
      }
   },
   {
      "model":"core.pathwayunit",
      "pk":1,
      "fields":{
         "index":5,
         "unit":"4c4d88fa-8edd-4dbd-aabd-c344f77ab1dd",
         "pathway":"3130c36b-437e-415c-878a-71549ef1f0ce"
      }
   },
   {
      "model":"core.pathwayunit",
      "pk":2,
      "fields":{
         "index":10,
         "unit":"e71b3fcf-ba68-4bd0-b6c1-a5697d555348",
         "pathway":"3130c36b-437e-415c-878a-71549ef1f0ce"
      }
   },
   {
      "model":"core.pathwayunit",
      "pk":3,
      "fields":{
         "index":2,
         "unit":"92d51918-5b3b-4df5-b4da-745bb5a6e673",
         "pathway":"3130c36b-437e-415c-878a-71549ef1f0ce"
      }
   },
   {
      "model":"core.pathwayunit",
      "pk":4,
      "fields":{
         "index":1,
         "unit":"22beb593-b679-4777-bcb6-31b281cbd15f",
         "pathway":"3130c36b-437e-415c-878a-71549ef1f0ce"
      }
   },
   {
      "model":"core.pathwayunit",
      "pk":5,
      "fields":{
         "index":1,
         "unit":"f7cc9b67-0b94-4b9f-8d38-af2671920dc0",
         "pathway":"9311a5c8-ea90-4c94-8ba5-d42254e563c8"
      }
   },
   {
      "model":"core.pathwayunit",
      "pk":6,
      "fields":{
         "index":3,
         "unit":"bf666d67-6171-420a-a247-127324e06e38",
         "pathway":"9311a5c8-ea90-4c94-8ba5-d42254e563c8"
      }
   },
   {
      "model":"core.pathwayunit",
      "pk":7,
      "fields":{
         "index":2,
         "unit":"79a6be66-6e38-4ec9-af4c-ecf8f3a09f88",
         "pathway":"9311a5c8-ea90-4c94-8ba5-d42254e563c8"
      }
   },
   {
      "model":"core.pathwayunit",
      "pk":8,
      "fields":{
         "index":4,
         "unit":"8faa83cd-e490-451f-9e1b-0a6904b14cba",
         "pathway":"9311a5c8-ea90-4c94-8ba5-d42254e563c8"
      }
   },
   {
      "model":"core.pathwayunit",
      "pk":9,
      "fields":{
         "index":5,
         "unit":"bd42e4cc-39c1-4b64-97e7-052fcfa17e15",
         "pathway":"9311a5c8-ea90-4c94-8ba5-d42254e563c8"
      }
   },
   {
      "model":"core.pathwayunit",
      "pk":10,
      "fields":{
         "index":11,
         "unit":"5b15c7d0-ffbb-4eb1-8191-7dd59a9eba95",
         "pathway":"3130c36b-437e-415c-878a-71549ef1f0ce"
      }
   },
   {
      "model":"core.pathwayunit",
      "pk":11,
      "fields":{
         "index":1,
         "unit":"2e3c243b-ba12-4bbf-b2af-221516190077",
         "pathway":"4466fced-1ee4-4a4e-bb0c-23fba62ad444"
      }
   },
   {
      "model":"core.pathwayunit",
      "pk":12,
      "fields":{
         "index":3,
         "unit":"bd42e4cc-39c1-4b64-97e7-052fcfa17e15",
         "pathway":"4466fced-1ee4-4a4e-bb0c-23fba62ad444"
      }
   },
   {
      "model":"core.pathwayunit",
      "pk":13,
      "fields":{
         "index":2,
         "unit":"c6283b14-56db-468c-a548-8c9a36165fef",
         "pathway":"4466fced-1ee4-4a4e-bb0c-23fba62ad444"
      }
   },
   {
      "model":"core.pathwayunit",
      "pk":14,
      "fields":{
         "index":6,
         "unit":"8973edd7-1f9f-4631-a469-6ef87b127f69",
         "pathway":"9311a5c8-ea90-4c94-8ba5-d42254e563c8"
      }
   },
   {
      "model":"core.pathwayunit",
      "pk":15,
      "fields":{
         "index":4,
         "unit":"4c4d88fa-8edd-4dbd-aabd-c344f77ab1dd",
         "pathway":"4466fced-1ee4-4a4e-bb0c-23fba62ad444"
      }
   },
   {
      "model":"core.pathwayunit",
      "pk":16,
      "fields":{
         "index":1,
         "unit":"f00e38dc-888a-4266-a305-961abfac5c7a",
         "pathway":"0cdf20a2-1ca3-4d12-88cd-c484cb58dd21"
      }
   },
   {
      "model":"core.pathwayunit",
      "pk":17,
      "fields":{
         "index":3,
         "unit":"92d51918-5b3b-4df5-b4da-745bb5a6e673",
         "pathway":"0cdf20a2-1ca3-4d12-88cd-c484cb58dd21"
      }
   },
   {
      "model":"core.pathwayunit",
      "pk":18,
      "fields":{
         "index":2,
         "unit":"c6283b14-56db-468c-a548-8c9a36165fef",
         "pathway":"0cdf20a2-1ca3-4d12-88cd-c484cb58dd21"
      }
   },
   {
      "model":"core.pathwayunit",
      "pk":19,
      "fields":{
         "index":4,
         "unit":"5b15c7d0-ffbb-4eb1-8191-7dd59a9eba95",
         "pathway":"0cdf20a2-1ca3-4d12-88cd-c484cb58dd21"
      }
   },
   {
      "model":"core.pathwaytag",
      "pk":1,
      "fields":{
         "tag": "988ea6ce-2521-4d07-a6c1-c3826522cb94",
         "pathway":"3130c36b-437e-415c-878a-71549ef1f0ce"
      }
   },
   {
      "model":"core.pathwaytag",
      "pk":2,
      "fields":{
         "tag": "1fbde5aa-3771-4258-9fdd-627017864e0f",
         "pathway":"3130c36b-437e-415c-878a-71549ef1f0ce"
      }
   }
]
